{
    "confidence_score": 0.7545955181121826,
    "ptm": 0.6175745129585266,
    "iptm": 0.5070700645446777,
    "ligand_iptm": 0.5070700645446777,
    "protein_iptm": 0.0,
    "complex_plddt": 0.8164768815040588,
    "complex_iplddt": 0.5470139384269714,
    "complex_pde": 1.8366023302078247,
    "complex_ipde": 6.108963966369629,
    "chains_ptm": {
        "0": 0.6449055075645447,
        "1": 0.7974299788475037
    },
    "pair_chains_iptm": {
        "0": {
            "0": 0.6449055075645447,
            "1": 0.20958642661571503
        },
        "1": {
            "0": 0.5070700645446777,
            "1": 0.7974299788475037
        }
    }
}