Run,RMSD_A,Continuous_Score,VDW_Energy,ES_Energy,Time_s
1,0.485,-37.814556,-38.113022,0.298467,1286.281
2,0.467,-37.791214,-38.090969,0.299754,1313.062
3,0.468,-37.80928,-38.102604,0.293324,1357.257
4,0.483,-37.795097,-38.082863,0.287765,1337.447
5,0.462,-37.790508,-38.086006,0.295498,1523.645
