{
    "confidence_score": 0.7883116602897644,
    "ptm": 0.5912792086601257,
    "iptm": 0.6190529465675354,
    "ligand_iptm": 0.6190529465675354,
    "protein_iptm": 0.0,
    "complex_plddt": 0.8306263089179993,
    "complex_iplddt": 0.5433679223060608,
    "complex_pde": 1.9315094947814941,
    "complex_ipde": 6.289721965789795,
    "chains_ptm": {
        "0": 0.6263443231582642,
        "1": 0.787509024143219
    },
    "pair_chains_iptm": {
        "0": {
            "0": 0.6263443231582642,
            "1": 0.18950873613357544
        },
        "1": {
            "0": 0.6190529465675354,
            "1": 0.787509024143219
        }
    }
}