{
  "n_total": 56,
  "n_activos": 19,
  "n_decoys": 37,
  "ratio": 1.9473684210526316,
  "auc_roc": 0.7482219061166429,
  "auc_roc_cnn_score": 0.18349928876244664,
  "auc_roc_cnn_affinity": 0.7482219061166429,
  "metrica_usada": "cnn_affinity",
  "ef_1": 5.2631578947368425,
  "ef_5": 2.1052631578947367,
  "ef_10": 2.1052631578947367,
  "bedroc_20": 0.028594406060104674,
  "fecha": "2026-01-26T21:05:34.232261"
}